"uri","additional name","constituency > label","family name","full name","gender","given name","home page","home page > uri","label","party","twitter"
"http://data.parliament.uk/members/2417","Charles",,"Stamp","Lord Stamp","Male","Trevor",,,"Biography information for Lord Stamp",,
"http://data.parliament.uk/members/2239","Charles Bosworth",,"Stamp","Lord Stamp","Male","Trevor",,,"Biography information for Lord Stamp",,
"http://data.parliament.uk/members/1180","Robert","Orpington","Stanbrook","Ivor Stanbrook","Male","Ivor",,,"Biography information for Ivor Stanbrook","Conservative",
"http://data.parliament.uk/members/2149","Staffurth",,"Stancliffe","The Lord Bishop of Salisbury","Male","David",,,"Biography information for The Lord Bishop of Salisbury",,
"http://data.parliament.uk/members/2664","Henry Leicester",,"Stanhope","The Earl of Harrington","Male","William",,,"Biography information for The Earl of Harrington",,
"http://data.parliament.uk/members/2912","John",,"Stanley","Earl of Derby","Male","Edward",,,"Biography information for Earl of Derby",,
"http://data.parliament.uk/members/2683","Richard William",,"Stanley","Earl of Derby","Male","Edward",,,"Biography information for Earl of Derby",,
"http://data.parliament.uk/members/91","Paul","Tonbridge and Malling","Stanley","Sir John Stanley","Male","John",,,"Biography information for Sir John Stanley","Conservative",
"http://data.parliament.uk/members/3151","Henry Oliver",,"Stanley","Lord Stanley of Alderley","Male","Thomas",,,"Biography information for Lord Stanley of Alderley",,
"http://data.parliament.uk/members/3370","Wellington",,"Stapleton-Cotton","Viscount Combermere","Male","Michael",,,"Biography information for Viscount Combermere",,
"http://data.parliament.uk/members/19","Margaret","Milton Keynes South West","Starkey","Dr Phyllis Starkey","Female","Phyllis","www.phyllisstarkey.co.uk","http://www.phyllisstarkey.co.uk/","Biography information for Dr Phyllis Starkey","Labour",
"http://data.parliament.uk/members/4514",,"Holborn and St Pancras","Starmer","Keir Starmer","Male","Keir","www.keirstarmer.com","http://www.keirstarmer.com/","Biography information for Keir Starmer","Labour","https://twitter.com/keir_starmer"
"http://data.parliament.uk/members/2945",,,"Stedman","The Baroness Stedman","Female","Phyllis",,,"Biography information for The Baroness Stedman",,
"http://data.parliament.uk/members/4174",,,"Stedman-Scott","Baroness Stedman-Scott","Female","Deborah",,,"Biography information for Baroness Stedman-Scott",,
"http://data.parliament.uk/members/949",,,"Steel","Lord Steel of Aikwood","Male","David",,,"Biography information for Lord Steel of Aikwood",,
"http://data.parliament.uk/members/239","David","Totnes","Steen","Mr Anthony Steen","Male","Anthony","www.anthonysteen.org.uk","http://www.anthonysteen.org.uk/","Biography information for Mr Anthony Steen","Conservative",
"http://data.parliament.uk/members/508","Neil","City of Durham","Steinberg","Mr Gerry Steinberg","Male","Gerald","www.gerry-steinberg.org.uk","http://www.gerry-steinberg.org.uk","Biography information for Mr Gerry Steinberg","Labour",
"http://data.parliament.uk/members/3698",,,"Steinberg","Lord Steinberg","Male","Leonard",,,"Biography information for Lord Steinberg",,
"http://data.parliament.uk/members/1169","Michael Lace","Shoreham","Stephen","Michael Stephen","Male","Barrie",,,"Biography information for Michael Stephen","Conservative",
"http://data.parliament.uk/members/4239","Ross",,"Stephen","Lord Stephen","Male","Nicol",,,"Biography information for Lord Stephen",,
"http://data.parliament.uk/members/4463","Charles","Glasgow South West","Stephens","Chris Stephens","Male","Christopher","www.chrisstephens.scot","http://www.chrisstephens.scot/","Biography information for Chris Stephens","Scottish National Party","https://twitter.com/ChrisStephens"
"http://data.parliament.uk/members/4044","George","Pendle","Stephenson","Andrew Stephenson","Male","Andrew",,,"Biography information for Andrew Stephenson","Conservative","https://twitter.com/Andrew4Pendle"
"http://data.parliament.uk/members/2228",,,"Sterling","Lord Sterling of Plaistow","Male","Jeffrey",,,"Biography information for Lord Sterling of Plaistow",,
"http://data.parliament.uk/members/1275","Charles","Bristol North West","Stern","Michael Stern","Male","Michael",,,"Biography information for Michael Stern","Conservative",
"http://data.parliament.uk/members/3846",,,"Stern","Lord Stern of Brentford","Male","Nicholas",,,"Biography information for Lord Stern of Brentford",,
"http://data.parliament.uk/members/2475","Helen",,"Stern","Baroness Stern","Female","Vivien",,,"Biography information for Baroness Stern",,
"http://data.parliament.uk/members/2227","Robert",,"Stevens","Lord Stevens of Ludgate","Male","David",,,"Biography information for Lord Stevens of Ludgate",,
"http://data.parliament.uk/members/4425","Meriel","Cardiff Central","Stevens","Jo Stevens","Female","Joanna","www.jostevens.co.uk","http://www.jostevens.co.uk/","Biography information for Jo Stevens","Labour","https://twitter.com/jostevenslabour"
"http://data.parliament.uk/members/3733",,,"Stevens","Lord Stevens of Kirkwhelpington","Male","John",,,"Biography information for Lord Stevens of Kirkwhelpington",,
"http://data.parliament.uk/members/1291","David","Nuneaton","Stevens","Lewis Stevens","Male","Lewis",,,"Biography information for Lewis Stevens","Conservative",
"http://data.parliament.uk/members/1322",,"Fulham","Stevens","Martin Stevens","Male","Martin",,,"Biography information for Martin Stevens","Conservative",
"http://data.parliament.uk/members/4924",,,"Stevens","Lord Stevens of Birmingham","Male","Simon",,,"Biography information for Lord Stevens of Birmingham",,
"http://data.parliament.uk/members/3641",,,"Stevens","The Lord Bishop of Leicester","Male","Timothy","bishop-of-leicester","http://www.leicester.anglican.org/about-us/bishop-of-leicester/","Biography information for The Lord Bishop of Leicester",,
"http://data.parliament.uk/members/3942","John","Carlisle","Stevenson","John Stevenson","Male","Andrew","www.johnstevensonmp.co.uk","http://www.johnstevensonmp.co.uk","Biography information for John Stevenson","Conservative","https://twitter.com/JohnStevensonMP"
"http://data.parliament.uk/members/287","William","Stoke-on-Trent South","Stevenson","Mr George Stevenson","Male","George",,,"Biography information for Mr George Stevenson","Labour",
"http://data.parliament.uk/members/2474",,,"Stevenson","Lord Stevenson of Coddenham","Male","Henry",,,"Biography information for Lord Stevenson of Coddenham",,
"http://data.parliament.uk/members/4750","Fiona Catherine","Wolverhampton North East","Stevenson","Jane Stevenson","Female","Jane",,,"Biography information for Jane Stevenson","Conservative","https://twitter.com/Jane_Stevenson_"
"http://data.parliament.uk/members/2511","William",,"Stevenson","The Lord Bishop of Portsmouth","Male","Kenneth",,,"Biography information for The Lord Bishop of Portsmouth",,
"http://data.parliament.uk/members/4175",,,"Stevenson","Lord Stevenson of Balmacara","Male","Robert",,,"Biography information for Lord Stevenson of Balmacara",,
"http://data.parliament.uk/members/1293","Struthers","Sherwood","Stewart","Andy Stewart","Male","Andrew",,,"Biography information for Andy Stewart","Conservative",
"http://data.parliament.uk/members/986",,,"Stewart","Lord Stewartby","Male","Bernard",,,"Biography information for Lord Stewartby",,
"http://data.parliament.uk/members/619","John","Inverness East, Nairn & Lochaber","Stewart","Mr David Stewart","Male","David","www.davidstewartmp.co.uk","http://www.davidstewartmp.co.uk","Biography information for Mr David Stewart","Labour",
"http://data.parliament.uk/members/1370","James","Western Isles","Stewart","Donald Stewart","Male","Donald",,,"Biography information for Donald Stewart","Scottish National Party",
"http://data.parliament.uk/members/4015","Aitken","Milton Keynes South","Stewart","Iain Stewart","Male","Iain","iainstewartmp.co.uk","http://iainstewartmp.co.uk/","Biography information for Iain Stewart","Conservative","https://twitter.com/iainastewart"
"http://data.parliament.uk/members/444",,"Eccles","Stewart","Ian Stewart","Male","Ian",,,"Biography information for Ian Stewart","Labour",
"http://data.parliament.uk/members/1239","Allan","Eastwood","Stewart","Allan Stewart","Male","John",,,"Biography information for Allan Stewart","Conservative",
"http://data.parliament.uk/members/4899",,,"Stewart","Lord Stewart of Dirleton","Male","Keith",,,"Biography information for Lord Stewart of Dirleton",,
"http://data.parliament.uk/members/3604",,,"Stewart","Earl of Galloway","Male","Randolph",,,"Biography information for Earl of Galloway",,
"http://data.parliament.uk/members/3919","Alexander","Beckenham","Stewart","Bob Stewart","Male","Robert","www.bobstewart.org.uk","http://www.bobstewart.org.uk/","Biography information for Bob Stewart","Conservative",
"http://data.parliament.uk/members/2340","Michael Maitland",,"Stewart","Lord Stewart of Fulham","Male","Robert",,,"Biography information for Lord Stewart of Fulham",,
"http://data.parliament.uk/members/4137","James Nugent","Penrith and The Border","Stewart","Rory Stewart","Male","Roderick","rorystewart.co.uk","http://rorystewart.co.uk","Biography information for Rory Stewart","Independent","https://twitter.com/RoryStewartUK"
"http://data.parliament.uk/members/2226","van Zyl",,"Steyn","Lord Steyn","Male","Johan",,,"Biography information for Lord Steyn",,
"http://data.parliament.uk/members/356","David","Wellingborough","Stinchcombe","Mr Paul Stinchcombe","Male","Paul",,,"Biography information for Mr Paul Stinchcombe","Labour",
"http://data.parliament.uk/members/4233",,,"Stirrup","Lord Stirrup","Male","Graham",,,"Biography information for Lord Stirrup",,
"http://data.parliament.uk/members/79","Geoffrey Alvan","Dartford","Stoate","Dr Howard Stoate","Male","Howard","www.howardstoate.com","http://www.howardstoate.com","Biography information for Dr Howard Stoate","Labour",
"http://data.parliament.uk/members/4242",,,"Stock","The Lord Bishop of St Edmundsbury and Ipswich","Male","William",,,"Biography information for The Lord Bishop of St Edmundsbury and Ipswich",,
"http://data.parliament.uk/members/2224","Anthony",,"Stodart","Lord Stodart of Leaston","Male","James",,,"Biography information for Lord Stodart of Leaston",,
"http://data.parliament.uk/members/950",,,"Stoddart","Lord Stoddart of Swindon","Male","David",,,"Biography information for Lord Stoddart of Swindon",,
"http://data.parliament.uk/members/2214","Gresham",,"Stokes","Lord Stokes","Male","Donald",,,"Biography information for Lord Stokes",,
"http://data.parliament.uk/members/1286","Heydon Romaine","Halesowen & Stourbridge","Stokes","Sir John Stokes","Male","John",,,"Biography information for Sir John Stokes","Conservative",
"http://data.parliament.uk/members/2222","Zelig",,"Stone","Lord Stone of Blackheath","Male","Andrew",,,"Biography information for Lord Stone of Blackheath",,
"http://data.parliament.uk/members/4612","Hume","Caithness, Sutherland and Easter Ross","Stone","Jamie Stone","Male","Jamie",,,"Biography information for Jamie Stone","Liberal Democrat",
"http://data.parliament.uk/members/2393","Ellis",,"Stone","Lord Stone","Male","Joseph",,,"Biography information for Lord Stone",,
"http://data.parliament.uk/members/4215",,,"Stoneham","Lord Stoneham of Droxford","Male","Benjamin",,,"Biography information for Lord Stoneham of Droxford",,
"http://data.parliament.uk/members/3299","Thomas Campion George Sherman",,"Stonor","The Lord Camoys","Male","Ralph",,,"Biography information for The Lord Camoys",,
"http://data.parliament.uk/members/3359",,,"Stopford","The Earl of Courtown","Male","James",,,"Biography information for The Earl of Courtown",,
"http://data.parliament.uk/members/4238","John",,"Storey","Lord Storey","Male","Michael",,,"Biography information for Lord Storey",,
"http://data.parliament.uk/members/671",,"Wigan","Stott","Roger Stott","Male","Roger",,,"Biography information for Roger Stott","Labour",
"http://data.parliament.uk/members/1899","Edward",,"Stourton","Lord Mowbray and Stourton","Male","Charles",,,"Biography information for Lord Mowbray and Stourton",,
"http://data.parliament.uk/members/4205",,,"Stowell","Baroness Stowell of Beeston","Female","Tina",,,"Biography information for Baroness Stowell of Beeston",,"https://twitter.com/tinastowell"
"http://data.parliament.uk/members/3215","Towneley",,"Strachey","The Lord O'Hagan","Male","Charles",,,"Biography information for The Lord O'Hagan",,
"http://data.parliament.uk/members/724",,"Monmouth","Stradling Thomas","Sir John Stradling Thomas","Male","John",,,"Biography information for Sir John Stradling Thomas","Conservative",
"http://data.parliament.uk/members/2218",,,"Strang","Lord Strang","Male","Colin",,,"Biography information for Lord Strang",,
"http://data.parliament.uk/members/597","Steel","Edinburgh East","Strang","Dr Gavin Strang","Male","Gavin","www.gavinstrangmp.co.uk","http://www.gavinstrangmp.co.uk","Biography information for Dr Gavin Strang","Labour",
"http://data.parliament.uk/members/4204",,,"Strasburger","Lord Strasburger","Male","Paul",,,"Biography information for Lord Strasburger",,"https://twitter.com/LordStras"
"http://data.parliament.uk/members/3037","Russell",,"Strauss","Lord Strauss","Male","George",,,"Biography information for Lord Strauss",,
"http://data.parliament.uk/members/463","Whitaker","Blackburn","Straw","Mr Jack Straw","Male","John",,,"Biography information for Mr Jack Straw","Independent",
"http://data.parliament.uk/members/234","Nicholas","South West Devon","Streeter","Sir Gary Streeter","Male","Gary","www.garystreeter.co.uk","http://www.garystreeter.co.uk/","Biography information for Sir Gary Streeter","Conservative",
"http://data.parliament.uk/members/4504","Paul William","Ilford North","Streeting","Wes Streeting","Male","Wesley","www.wesstreeting.org","http://www.wesstreeting.org/","Biography information for Wes Streeting","Labour","https://twitter.com/wesstreeting"
"http://data.parliament.uk/members/3935","John","Central Devon","Stride","Mel Stride","Male","Melvyn","melstridemp.com","http://melstridemp.com","Biography information for Mel Stride","Conservative","https://twitter.com/meljstride"
"http://data.parliament.uk/members/449","Eric","Blackley and Broughton","Stringer","Graham Stringer","Male","Graham",,,"Biography information for Graham Stringer","Labour",
"http://data.parliament.uk/members/4546",,,"Stroud","Baroness Stroud","Female","Philippa",,,"Biography information for Baroness Stroud",,
"http://data.parliament.uk/members/3528","Ronald George",,"Strutt","Lord Belper","Male","Alexander",,,"Biography information for Lord Belper",,
"http://data.parliament.uk/members/2407","Arthur",,"Strutt","Lord Rayleigh","Male","John",,,"Biography information for Lord Rayleigh",,
"http://data.parliament.uk/members/3277","Gerald",,"Strutt","Lord Rayleigh","Male","John",,,"Biography information for Lord Rayleigh",,
"http://data.parliament.uk/members/3112","Randolph Moray",,"Stuart","Viscount Stuart of Findhorn","Male","David",,,"Biography information for Viscount Stuart of Findhorn",,
"http://data.parliament.uk/members/1911","John Moray",,"Stuart","The Earl of Moray","Male","Douglas",,,"Biography information for The Earl of Moray",,
"http://data.parliament.uk/members/296",,,"Stuart","Baroness Stuart of Edgbaston","Female","Gisela","www.giselastuartmp.co.uk","http://www.giselastuartmp.co.uk","Biography information for Baroness Stuart of Edgbaston",,"https://twitter.com/giselastuart/"
"http://data.parliament.uk/members/1482","Charles","Beverley and Holderness","Stuart","Graham Stuart","Male","Graham","www.grahamstuart.com","http://www.grahamstuart.com","Biography information for Graham Stuart","Conservative","https://twitter.com/grahamstuart"
"http://data.parliament.uk/members/445","Andrew",,"Stunell","Lord Stunell","Male","Robert",,,"Biography information for Lord Stunell",,
"http://data.parliament.uk/members/4079","Charles","York Outer","Sturdy","Julian Sturdy","Male","Julian","www.juliansturdy.co.uk","http://www.juliansturdy.co.uk","Biography information for Julian Sturdy","Conservative",
"http://data.parliament.uk/members/1694",,"Norwich South","Stuttaford","Dr Thomas Stuttaford","Male","Thomas",,,"Biography information for Dr Thomas Stuttaford","Conservative",
"http://data.parliament.uk/members/3577",,,"Suenson-Taylor","Lord Grantchester","Male","Christopher",,,"Biography information for Lord Grantchester",,
"http://data.parliament.uk/members/2951","Bent",,"Suenson-Taylor","Lord Grantchester","Male","Kenneth",,,"Biography information for Lord Grantchester",,
"http://data.parliament.uk/members/3897",,,"Sugar","Lord Sugar","Male","Alan",,,"Biography information for Lord Sugar",,
"http://data.parliament.uk/members/2427","Gerard",,"Sugden","Lord Saint Leonards","Male","John",,,"Biography information for Lord Saint Leonards",,
"http://data.parliament.uk/members/4584",,,"Sugg","Baroness Sugg","Female","Elizabeth",,,"Biography information for Baroness Sugg",,
"http://data.parliament.uk/members/4786",,"Coventry South","Sultana","Zarah Sultana","Female","Zarah",,,"Biography information for Zarah Sultana","Labour",
"http://data.parliament.uk/members/1227","Anthony Gerald","Bury South","Sumberg","David Sumberg","Male","David",,,"Biography information for David Sumberg","Conservative",
"http://data.parliament.uk/members/951","Catherine Wynne","Halifax","Summerskill","Dr Shirley Summerskill","Female","Shirley",,,"Biography information for Dr Shirley Summerskill","Labour",
"http://data.parliament.uk/members/1297","Hawksley Fitzthomas","Walthamstow","Summerson","Hugo Summerson","Male","Hugo",,,"Biography information for Hugo Summerson","Conservative",
"http://data.parliament.uk/members/4483",,"Richmond (Yorks)","Sunak","Rishi Sunak","Male","Rishi","www.rishisunak.com","http://www.rishisunak.com/","Biography information for Rishi Sunak","Conservative",
"http://data.parliament.uk/members/4767",,"Bracknell","Sunderland","James Sunderland","Male","James",,,"Biography information for James Sunderland","Conservative","https://twitter.com/jamessunderl"
"http://data.parliament.uk/members/4328",,,"Suri","Lord Suri","Male","Ranbir",,,"Biography information for Lord Suri",,
"http://data.parliament.uk/members/403",,"Bradford South","Sutcliffe","Mr Gerry Sutcliffe","Male","Gerard","www.gerrysutcliffe.org.uk","http://www.gerrysutcliffe.org.uk","Biography information for Mr Gerry Sutcliffe","Labour","https://twitter.com/GSutcliffeMP"
"http://data.parliament.uk/members/1695",,"Middlesbrough West","Sutcliffe","John Sutcliffe","Male","John",,,"Biography information for John Sutcliffe","Conservative",
"http://data.parliament.uk/members/2238","Millicent",,"Sutherland","The Countess Sutherland","Female","Elizabeth",,,"Biography information for The Countess Sutherland",,
"http://data.parliament.uk/members/2173",,,"Sutherland","Lord Sutherland of Houndwood","Male","Stewart",,,"Biography information for Lord Sutherland of Houndwood",,
"http://data.parliament.uk/members/4298",,,"Suttie","Baroness Suttie","Female","Alison",,,"Biography information for Baroness Suttie",,
"http://data.parliament.uk/members/2029","Norman",,"Sutton","The Lord Bishop of Lichfield","Male","Keith",,,"Biography information for The Lord Bishop of Lichfield",,
"http://data.parliament.uk/members/4045",,"Redcar","Swales","Ian Swales","Male","Ian","www.ianswales.com","http://www.ianswales.com","Biography information for Ian Swales","Liberal Democrat","https://twitter.com/iswales"
"http://data.parliament.uk/members/2317","Meredith",,"Swann","Lord Swann","Male","Michael",,,"Biography information for Lord Swann",,
"http://data.parliament.uk/members/55","Angus","New Forest West","Swayne","Sir Desmond Swayne","Male","Desmond","www.desmondswaynemp.com","http://www.desmondswaynemp.com","Biography information for Sir Desmond Swayne","Conservative","https://twitter.com/DesmondSwayne"
"http://data.parliament.uk/members/4642","John","Glasgow North East","Sweeney","Mr Paul Sweeney","Male","Paul",,,"Biography information for Mr Paul Sweeney","Labour (Co-op)","https://twitter.com/PaulJSweeney"
"http://data.parliament.uk/members/1264","Edward","Vale of Glamorgan","Sweeney","Walter Sweeney","Male","Walter",,,"Biography information for Walter Sweeney","Conservative",
"http://data.parliament.uk/members/628","Ramsay","North Tayside","Swinney","Mr John Swinney","Male","John",,,"Biography information for Mr John Swinney","Scottish National Party",
"http://data.parliament.uk/members/1513","Kate","East Dunbartonshire","Swinson","Jo Swinson","Female","Joanne","www.joswinson.org.uk","http://www.joswinson.org.uk","Biography information for Jo Swinson","Liberal Democrat","https://twitter.com/joswinson"
"http://data.parliament.uk/members/1408","George William","East Devon","Swire","Sir Hugo Swire","Male","Hugo","www.hugoswire.org.uk","http://www.hugoswire.org.uk","Biography information for Sir Hugo Swire","Conservative","https://twitter.com/HugoSwire"
"http://data.parliament.uk/members/1218","David","Scarborough","Sykes","Mr John Sykes","Male","John",,,"Biography information for Mr John Sykes","Conservative",
"http://data.parliament.uk/members/2810","Whitefield",,"Sykes","The Lord Bishop of Ely","Male","Stephen",,,"Biography information for The Lord Bishop of Ely",,
"http://data.parliament.uk/members/2233","Conway",,"Symons","Baroness Symons of Vernham Dean","Female","Elizabeth",,,"Biography information for Baroness Symons of Vernham Dean",,
"http://data.parliament.uk/members/245","Andrew Raymond","Poole","Syms","Sir Robert Syms","Male","Robert",,,"Biography information for Sir Robert Syms","Conservative","https://twitter.com/robertsymsMP"
"http://data.parliament.uk/members/1383","Richard","Alyn and Deeside","Tami","Mark Tami","Male","Mark","www.marktami.co.uk","http://www.marktami.co.uk","Biography information for Mark Tami","Labour","https://twitter.com/MarkTamiMP"
"http://data.parliament.uk/members/348","Hannay Bailey","Louth and Horncastle","Tapsell","Sir Peter Tapsell","Male","Peter",,,"Biography information for Sir Peter Tapsell","Conservative",
"http://data.parliament.uk/members/4829","Peter","Ilford South","Tarry","Sam Tarry","Male","Samuel",,,"Biography information for Sam Tarry","Labour",
"http://data.parliament.uk/members/1696",,,"Taverne","Lord Taverne","Male","Dick",,,"Biography information for Lord Taverne",,
"http://data.parliament.uk/members/505","Jean","Stockton South","Taylor","Ms Dari Taylor","Female","Daria","www.daritaylormp.co.uk","http://www.daritaylormp.co.uk","Biography information for Ms Dari Taylor","Labour",
"http://data.parliament.uk/members/342","Leslie","North West Leicestershire","Taylor","David Taylor","Male","David","www.davidtaylormp.com","http://www.davidtaylormp.com/","Biography information for David Taylor","Labour (Co-op)",
"http://data.parliament.uk/members/42","MacMillan","Rochford & Southend East","Taylor","Sir Teddy Taylor","Male","Edward",,,"Biography information for Sir Teddy Taylor","Conservative",
"http://data.parliament.uk/members/2988",,,"Taylor","Lord Taylor of Hadfield","Male","Francis",,,"Biography information for Lord Taylor of Hadfield",,
"http://data.parliament.uk/members/2274","Bernard",,"Taylor","Lord Taylor of Mansfield","Male","Harry",,,"Biography information for Lord Taylor of Mansfield",,
"http://data.parliament.uk/members/101","Colin","Esher & Walton","Taylor","Mr Ian Taylor","Male","Ian","www.iantaylormp.com","http://www.iantaylormp.com","Biography information for Mr Ian Taylor","Conservative",
"http://data.parliament.uk/members/1796",,,"Taylor","Lord Taylor of Warwick","Male","John",,,"Biography information for Lord Taylor of Warwick",,"https://twitter.com/Lord_ofWarwick?lang=en-gb"
"http://data.parliament.uk/members/2993",,,"Taylor","The Lord Bishop of St. Albans","Male","John",,,"Biography information for The Lord Bishop of St. Albans",,
"http://data.parliament.uk/members/3787",,,"Taylor","Lord Taylor of Holbeach","Male","John",,,"Biography information for Lord Taylor of Holbeach",,
"http://data.parliament.uk/members/657",,,"Taylor","Lord Kilclooney","Male","John",,,"Biography information for Lord Kilclooney",,
"http://data.parliament.uk/members/1979","Aked",,"Taylor","Lord Ingrow","Male","John",,,"Biography information for Lord Ingrow",,
"http://data.parliament.uk/members/313","Mark","Solihull","Taylor","Mr John D. Taylor","Male","John",,,"Biography information for Mr John D. Taylor","Conservative",
"http://data.parliament.uk/members/228","Owen John",,"Taylor","Lord Taylor of Goss Moor","Male","Matthew",,,"Biography information for Lord Taylor of Goss Moor",,
"http://data.parliament.uk/members/2831","Murray",,"Taylor","Lord Taylor of Gosforth","Male","Peter",,,"Biography information for Lord Taylor of Gosforth",,
"http://data.parliament.uk/members/1472","Thomas","Wyre Forest","Taylor","Dr Richard Taylor","Male","Richard","www.doctortaylor.info","http://www.doctortaylor.info/","Biography information for Dr Richard Taylor","Independent",
"http://data.parliament.uk/members/1056","George","Croydon North West","Taylor","Robert Taylor","Male","Robert",,,"Biography information for Robert Taylor","Conservative",
"http://data.parliament.uk/members/2418","James Lake",,"Taylor","Lord Taylor","Male","Stephen",,,"Biography information for Lord Taylor",,
"http://data.parliament.uk/members/1792",,,"Taylor","Lord Taylor of Blackburn","Male","Thomas",,,"Biography information for Lord Taylor of Blackburn",,
"http://data.parliament.uk/members/1795","Johnston",,"Taylor","Lord Taylor of Gryfe","Male","Thomas",,,"Biography information for Lord Taylor of Gryfe",,
"http://data.parliament.uk/members/407","Ann",,"Taylor","Baroness Taylor of Bolton","Female","Winifred",,,"Biography information for Baroness Taylor of Bolton",,
"http://data.parliament.uk/members/2627","Geoffrey Charles Michael",,"Taylour","Marquess of Headfort","Male","Thomas",,,"Biography information for Marquess of Headfort",,
"http://data.parliament.uk/members/1170","Louise","Brent Central","Teather","Sarah Teather","Female","Sarah","www.brentlibdems.org.uk","http://www.brentlibdems.org.uk","Biography information for Sarah Teather","Liberal Democrat",
"http://data.parliament.uk/members/952","Beresford",,"Tebbit","Lord Tebbit","Male","Norman",,,"Biography information for Lord Tebbit",,
"http://data.parliament.uk/members/3023","Michael",,"Tedder","Lord Tedder","Male","John",,,"Biography information for Lord Tedder",,
"http://data.parliament.uk/members/1798","John",,"Tedder","Lord Tedder","Male","Robin",,,"Biography information for Lord Tedder",,
"http://data.parliament.uk/members/2373","Stephen Brydges",,"Temple-Gore-Langton","The Earl of Temple of Stowe","Male","Ronald",,,"Biography information for The Earl of Temple of Stowe",,
"http://data.parliament.uk/members/1791","Grenville",,"Temple-Gore-Langton","The Earl of Temple of Stowe","Male","Walter",,,"Biography information for The Earl of Temple of Stowe",,
"http://data.parliament.uk/members/267",,,"Temple-Morris","Lord Temple-Morris","Male","Peter",,,"Biography information for Lord Temple-Morris",,
"http://data.parliament.uk/members/1800","William",,"Templeman","Lord Templeman","Male","Sydney",,,"Biography information for Lord Templeman",,
"http://data.parliament.uk/members/2596","Christopher Paget",,"Tennant","Lord Glenconner","Male","Colin",,,"Biography information for Lord Glenconner",,
"http://data.parliament.uk/members/2566","Christopher",,"Tennyson","Lord Tennyson","Male","Harold",,,"Biography information for Lord Tennyson",,
"http://data.parliament.uk/members/1802","Aubrey",,"Tennyson","Lord Tennyson","Male","Mark",,,"Biography information for Lord Tennyson",,
"http://data.parliament.uk/members/1378",,"Cardiff West","Terlezki","Stefan Terlezki","Male","Stefan",,,"Biography information for Stefan Terlezki","Conservative",
"http://data.parliament.uk/members/3789",,,"Teverson","Lord Teverson","Male","Robin",,,"Biography information for Lord Teverson",,"https://twitter.com/lordtev"
"http://data.parliament.uk/members/953",,,"Thatcher","Baroness Thatcher","Female","Margaret",,,"Biography information for Baroness Thatcher",,
"http://data.parliament.uk/members/3287","Jan",,"Thesiger","Viscount Chelmsford","Male","Frederic",,,"Biography information for Viscount Chelmsford",,
"http://data.parliament.uk/members/4430","Emily","Glasgow Central","Thewliss","Alison Thewliss","Female","Alison","www.alisonthewliss.scot","http://www.alisonthewliss.scot/","Biography information for Alison Thewliss","Scottish National Party","https://twitter.com/alisonthewliss"
"http://data.parliament.uk/members/3785","Marjorie",,"Thomas","Baroness Thomas of Winchester","Female","Celia",,,"Biography information for Baroness Thomas of Winchester",,
"http://data.parliament.uk/members/4532","Gordon","St Ives","Thomas","Derek Thomas","Male","Derek","derekthomas.org","http://derekthomas.org/","Biography information for Derek Thomas","Conservative",
"http://data.parliament.uk/members/1804",,,"Thomas","Lord Thomas of Gresford","Male","Donald",,,"Biography information for Lord Thomas of Gresford",,
"http://data.parliament.uk/members/177",,"Harrow West","Thomas","Gareth Thomas","Male","Gareth","www.gareththomas.org.uk","http://www.gareththomas.org.uk/","Biography information for Gareth Thomas","Labour (Co-op)","https://twitter.com/GarethThomasMP"
"http://data.parliament.uk/members/532",,"Clwyd West","Thomas","Gareth Thomas","Male","Gareth","www.gareththomas.labour.co.uk","http://www.gareththomas.labour.co.uk","Biography information for Gareth Thomas","Labour",
"http://data.parliament.uk/members/1797","Swynnerton",,"Thomas","Lord Thomas of Swynnerton","Male","Hugh",,,"Biography information for Lord Thomas of Swynnerton",,
"http://data.parliament.uk/members/1189",,"Abertillery","Thomas","Jeffrey Thomas","Male","Jeffrey",,,"Biography information for Jeffrey Thomas","Social Democratic Party",
"http://data.parliament.uk/members/1345","Stuart","Newcastle upon Tyne East","Thomas","Mike Thomas","Male","Michael",,,"Biography information for Mike Thomas","Social Democratic Party",
"http://data.parliament.uk/members/1046","John Mitchell","Hendon South","Thomas","Peter Thomas","Male","Peter",,,"Biography information for Peter Thomas","Conservative",
"http://data.parliament.uk/members/1785","John Mitchell",,"Thomas","Lord Thomas of Gwydir","Male","Peter",,,"Biography information for Lord Thomas of Gwydir",,
"http://data.parliament.uk/members/4309",,,"Thomas","Lord Thomas of Cwmgiedd","Male","Roger",,,"Biography information for Lord Thomas of Cwmgiedd",,
"http://data.parliament.uk/members/1301","Gareth","Carmarthen","Thomas","Dr Roger Thomas","Male","Roger",,,"Biography information for Dr Roger Thomas","Labour",
"http://data.parliament.uk/members/1697",,"Bristol North West","Thomas","Ronald Thomas","Male","Ronald",,,"Biography information for Ronald Thomas","Labour",
"http://data.parliament.uk/members/538",,"Ceredigion","Thomas","Mr Simon Thomas","Male","Simon","www.simonthomas.net","http://www.simonthomas.net","Biography information for Mr Simon Thomas","Plaid Cymru",
"http://data.parliament.uk/members/1779",,,"Thomas","Baroness Thomas of Walliswood","Female","Susan",,,"Biography information for Baroness Thomas of Walliswood",,
"http://data.parliament.uk/members/1783",,,"Thomas","Lord Thomas of Macclesfield","Male","Terence",,,"Biography information for Lord Thomas of Macclesfield",,
"http://data.parliament.uk/members/2830","George",,"Thomas","Viscount Tonypandy","Male","Thomas",,,"Biography information for Viscount Tonypandy",,
"http://data.parliament.uk/members/4479",,"Torfaen","Thomas-Symonds","Nick Thomas-Symonds","Male","Nicklaus",,,"Biography information for Nick Thomas-Symonds","Labour","https://twitter.com/nicktorfaenmp"
"http://data.parliament.uk/members/1276","Roy","Bromsgrove","Thomason","Roy Thomason","Male","Kenneth",,,"Biography information for Roy Thomason","Conservative",
"http://data.parliament.uk/members/1698",,"Dunfermline Burghs","Thompson","Alan Thompson","Male","Alan",,,"Biography information for Alan Thompson","Labour",
"http://data.parliament.uk/members/1228",,"Calder Valley","Thompson","Sir Donald Thompson","Male","Donald",,,"Biography information for Sir Donald Thompson","Conservative",
"http://data.parliament.uk/members/2763","Hewlett",,"Thompson","The Lord Bishop of Exeter","Male","Geoffrey",,,"Biography information for The Lord Bishop of Exeter",,
"http://data.parliament.uk/members/1699",,"Galloway","Thompson","George Thompson","Male","George",,,"Biography information for George Thompson","Scottish National Party",
"http://data.parliament.uk/members/1252","Patrick","Norwich North","Thompson","Patrick Thompson","Male","Hugh",,,"Biography information for Patrick Thompson","Conservative",
"http://data.parliament.uk/members/3471","Lawton",,"Thompson","The Lord Bishop of Bath and Wells","Male","James",,,"Biography information for The Lord Bishop of Bath and Wells",,
"http://data.parliament.uk/members/1265",,"Wansbeck","Thompson","Jack Thompson","Male","John",,,"Biography information for Jack Thompson","Labour",
"http://data.parliament.uk/members/4482","George","Midlothian","Thompson","Owen Thompson","Male","Owen","owenthompson.scot","http://owenthompson.scot/","Biography information for Owen Thompson","Scottish National Party","https://twitter.com/OwenThompson"
"http://data.parliament.uk/members/659","John","West Tyrone","Thompson","Mr William Thompson","Male","William",,,"Biography information for Mr William Thompson","Ulster Unionist Party",
"http://data.parliament.uk/members/3802","Kenneth Roy",,"Thomson","Lord Thomson of Fleet","Male","David",,,"Biography information for Lord Thomson of Fleet",,
"http://data.parliament.uk/members/1781","Morgan",,"Thomson","The Lord Thomson of Monifieth","Male","George",,,"Biography information for The Lord Thomson of Monifieth",,
"http://data.parliament.uk/members/1780","Roy",,"Thomson","Lord Thomson of Fleet","Male","Kenneth",,,"Biography information for Lord Thomson of Fleet",,
"http://data.parliament.uk/members/4422","Rhonda","Edinburgh West","Thomson","Michelle Thomson","Female","Michelle ","www.michellethomson.scot","http://www.michellethomson.scot/","Biography information for Michelle Thomson","Independent","https://twitter.com/michellethomson"
"http://data.parliament.uk/members/4796","Gordon","Gordon","Thomson","Richard Thomson","Male","Richard",,,"Biography information for Richard Thomson","Scottish National Party","https://twitter.com/rthomsonmp"
"http://data.parliament.uk/members/4599",,"Aberdeen South","Thomson","Ross Thomson","Male","Ross",,,"Biography information for Ross Thomson","Conservative","https://twitter.com/RossThomson_MP"
"http://data.parliament.uk/members/1536",,"Islington South and Finsbury","Thornberry","Emily Thornberry","Female","Emily","www.emilythornberry.com","http://www.emilythornberry.com","Biography information for Emily Thornberry","Labour","https://twitter.com/EmilyThornberry"
"http://data.parliament.uk/members/1289","Gordon","Ilford South","Thorne","Sir Neil Thorne","Male","Neil",,,"Biography information for Sir Neil Thorne","Conservative",
"http://data.parliament.uk/members/1348","George","Preston","Thorne","Stanley Thorne","Male","Stanley",,,"Biography information for Stanley Thorne","Labour",
"http://data.parliament.uk/members/3026","Edward Peter",,"Thorneycroft","Lord Thorneycroft","Male","George",,,"Biography information for Lord Thorneycroft",,
"http://data.parliament.uk/members/4558",,,"Thornhill","Baroness Thornhill","Female","Dorothy",,,"Biography information for Baroness Thornhill",,
"http://data.parliament.uk/members/1782","Glenys",,"Thornton","Baroness Thornton","Female","Dorothea",,,"Biography information for Baroness Thornton",,"https://twitter.com/glenysthornton?lang=en"
"http://data.parliament.uk/members/1235","Malcolm","Crosby","Thornton","Sir Malcolm Thornton","Male","George",,,"Biography information for Sir Malcolm Thornton","Conservative",
"http://data.parliament.uk/members/4273","Douglas","Eastleigh","Thornton","Mr Mike Thornton","Male","Michael","www.mikethornton.org.uk","http://www.mikethornton.org.uk/","Biography information for Mr Mike Thornton","Liberal Democrat","https://twitter.com/Mike4Eastleigh"
"http://data.parliament.uk/members/4271",,,"Thornton","The Lord Bishop of Truro","Male","Timothy","www.trurodiocese.org.uk","http://www.trurodiocese.org.uk/","Biography information for The Lord Bishop of Truro",,
"http://data.parliament.uk/members/1700",,"North Devon","Thorpe","Jeremy Thorpe","Male","Jeremy",,,"Biography information for Jeremy Thorpe","Liberal",
"http://data.parliament.uk/members/4447","Ann","Erewash","Throup","Maggie Throup","Female","Margaret","www.maggiethroup.com","http://www.maggiethroup.com/","Biography information for Maggie Throup","Conservative","https://twitter.com/maggie_erewash"
"http://data.parliament.uk/members/954","Giles","Bolton North East","Thurnham","Peter Thurnham","Male","Peter",,,"Biography information for Peter Thurnham","Liberal Democrat",
"http://data.parliament.uk/members/1399",,,"Thurso","Viscount Thurso","Male","John","www.johnthurso.org.uk","http://www.johnthurso.org.uk","Biography information for Viscount Thurso",,
"http://data.parliament.uk/members/3560",,,"Thynn","The Marquess of Bath","Male","Alexander",,,"Biography information for The Marquess of Bath",,
"http://data.parliament.uk/members/2457","Frederick",,"Thynne","Marquess of Bath","Male","Henry",,,"Biography information for Marquess of Bath",,
"http://data.parliament.uk/members/1701",,"Birmingham, Yardley","Tierney","Sydney Tierney","Male","Sydney",,,"Biography information for Sydney Tierney","Labour",
"http://data.parliament.uk/members/1334","Vincent","Lambeth Central","Tilley","John Tilley","Male","John",,,"Biography information for John Tilley","Labour",
"http://data.parliament.uk/members/163","Creswell","East Ham","Timms","Stephen Timms","Male","Stephen","www.stephentimms.org.uk","http://www.stephentimms.org.uk","Biography information for Stephen Timms","Labour","https://twitter.com/stephenctimms"
"http://data.parliament.uk/members/1605","Edward","Eddisbury","Timpson","Edward Timpson","Male","Anthony","www.edwardtimpson.com","http://www.edwardtimpson.com","Biography information for Edward Timpson","Conservative","https://twitter.com/edwardtimpson"
"http://data.parliament.uk/members/1361",,"Redcar","Tinn","James Tinn","Male","James",,,"Biography information for James Tinn","Labour",
"http://data.parliament.uk/members/367","Patrick","Sherwood","Tipping","Paddy Tipping","Male","Simon","index.html","http://www.paddytippingmp.com/index.html","Biography information for Paddy Tipping","Labour",
"http://data.parliament.uk/members/2895","Robertus",,"Todd","Lord Todd","Male","Alexander",,,"Biography information for Lord Todd",,
"http://data.parliament.uk/members/332","Wainwright","South Derbyshire","Todd","Mr Mark Todd","Male","Mark","www.marktodd.org.uk","http://www.marktodd.org.uk","Biography information for Mr Mark Todd","Labour",
"http://data.parliament.uk/members/4487","Jane","Rochester and Strood","Tolhurst","Kelly Tolhurst","Female","Kelly","www.kelly4rochesterandstrood.com","http://www.kelly4rochesterandstrood.com/","Biography information for Kelly Tolhurst","Conservative","https://twitter.com/kellytolhurst"
"http://data.parliament.uk/members/1777","John Edward",,"Tollemache","Lord Tollemache","Male","Timothy",,,"Biography information for Lord Tollemache",,
"http://data.parliament.uk/members/1786",,,"Tombs","Lord Tombs","Male","Francis",,,"Biography information for Lord Tombs",,
"http://data.parliament.uk/members/1702",,,"Tomlinson","Lord Tomlinson","Male","John",,,"Biography information for Lord Tomlinson",,
"http://data.parliament.uk/members/4105","Paul","North Swindon","Tomlinson","Justin Tomlinson","Male","Justin","www.justintomlinson.com","http://www.justintomlinson.com/","Biography information for Justin Tomlinson","Conservative","https://twitter.com/JTomlinsonMP"
"http://data.parliament.uk/members/4497","James","Mid Dorset and North Poole","Tomlinson-Mynors","Michael Tomlinson","Male","Michael","www.michaeltomlinson.org.uk","http://www.michaeltomlinson.org.uk/","Biography information for Michael Tomlinson","Conservative","https://twitter.com/michael4mdnp"
"http://data.parliament.uk/members/200","Louise",,"Tonge","Baroness Tonge","Female","Jennifer",,,"Biography information for Baroness Tonge",,
"http://data.parliament.uk/members/1703","Norman",,"Tope","Lord Tope","Male","Graham",,,"Biography information for Lord Tope",,
"http://data.parliament.uk/members/1787",,,"Tordoff","Lord Tordoff","Male","Geoffrey",,,"Biography information for Lord Tordoff",,
"http://data.parliament.uk/members/1177","William","Bradford South","Torney","Tom Torney","Male","Thomas",,,"Biography information for Tom Torney","Labour",
"http://data.parliament.uk/members/2820","John",,"Tottenham","Marquess of Ely","Male","Charles",,,"Biography information for Marquess of Ely",,
"http://data.parliament.uk/members/542","Donnelly",,"Touhig","Lord Touhig","Male","James",,,"Biography information for Lord Touhig",,
"http://data.parliament.uk/members/371","Ernest","East Yorkshire","Townend","Mr John Townend","Male","John",,,"Biography information for Mr John Townend","Conservative",
"http://data.parliament.uk/members/989","David","Bexleyheath","Townsend","Sir Cyril Townsend","Male","Cyril",,,"Biography information for Sir Cyril Townsend","Conservative",
"http://data.parliament.uk/members/1778","John Patrick Dominic",,"Townshend","The Marquess of Townshend","Male","George",,,"Biography information for The Marquess of Townshend",,
"http://data.parliament.uk/members/4509","Paul","North Warwickshire","Tracey","Craig Tracey","Male","Craig","www.craigtracey.co.uk","http://www.craigtracey.co.uk/","Biography information for Craig Tracey","Conservative","https://twitter.com/craig4nwarks"
"http://data.parliament.uk/members/1260","Patrick","Surbiton","Tracey","Richard Tracey","Male","Richard",,,"Biography information for Richard Tracey","Conservative",
"http://data.parliament.uk/members/3617","Anthony Porteous",,"Trafford","The Lord Trafford","Male","Joseph",,,"Biography information for The Lord Trafford",,
"http://data.parliament.uk/members/335","Arthur Stephen","Bosworth","Tredinnick","David Tredinnick","Male","David",,,"Biography information for David Tredinnick","Conservative",
"http://data.parliament.uk/members/4260",,,"Trees","Lord Trees","Male","Alexander",,,"Biography information for Lord Trees",,
"http://data.parliament.uk/members/1813",,,"Trefgarne","Lord Trefgarne","Male","David",,,"Biography information for Lord Trefgarne",,
"http://data.parliament.uk/members/3391",,,"Trench","The Earl of Clancarty","Male","Nicholas",,,"Biography information for The Earl of Clancarty",,
"http://data.parliament.uk/members/2908","Francis Brinsley Le Poer",,"Trench","Earl of Clancarty","Male","William",,,"Biography information for Earl of Clancarty",,
"http://data.parliament.uk/members/1829",,,"Trenchard","Viscount Trenchard","Male","Hugh","WyDxBU","http://goo.gl/WyDxBU","Biography information for Viscount Trenchard",,
"http://data.parliament.uk/members/2408",,,"Trenchard","The Viscount Trenchard","Male","Thomas",,,"Biography information for The Viscount Trenchard",,
"http://data.parliament.uk/members/2358","St John",,"Trend","Lord Trend","Male","Burke",,,"Biography information for Lord Trend",,
"http://data.parliament.uk/members/13","St John","Windsor","Trend","Mr Michael Trend","Male","Michael",,,"Biography information for Mr Michael Trend","Conservative",
"http://data.parliament.uk/members/4531","Belinda","Berwick-upon-Tweed","Trevelyan","Anne-Marie Trevelyan","Female","Anne-Marie","www.teamtrevelyan.co.uk","http://www.teamtrevelyan.co.uk/","Biography information for Anne-Marie Trevelyan","Conservative","https://twitter.com/annietrev"
"http://data.parliament.uk/members/2716","Redwald",,"Trevor-Roper","Lord Dacre of Glanton","Male","Hugh",,,"Biography information for Lord Dacre of Glanton",,
"http://data.parliament.uk/members/1704",,"Dartford","Trew","Peter Trew","Male","Peter",,,"Biography information for Peter Trew","Conservative",
"http://data.parliament.uk/members/4540",,,"Treweek","The Lord Bishop of Gloucester","Female","Rachel",,,"Biography information for The Lord Bishop of Gloucester",,
"http://data.parliament.uk/members/410","Hedley","Hemsworth","Trickett","Jon Trickett","Male","Jon","www.jontrickett.org.uk","http://www.jontrickett.org.uk","Biography information for Jon Trickett","Labour","https://twitter.com/jon_trickett"
"http://data.parliament.uk/members/3651","Maxim",,"Triesman","Lord Triesman","Male","David",,,"Biography information for Lord Triesman",,"https://twitter.com/DavidTriesman"
"http://data.parliament.uk/members/658","David",,"Trimble","Lord Trimble","Male","William",,,"Biography information for Lord Trimble",,
"http://data.parliament.uk/members/955","Austin","Rossendale & Darwen","Trippier","Sir David Trippier","Male","David",,,"Biography information for Sir David Trippier","Conservative",
"http://data.parliament.uk/members/1824",,,"Tristram Lawrence","Lord Trevethin and Oaksey","Male","John",,,"Biography information for Lord Trevethin and Oaksey",,
"http://data.parliament.uk/members/2449",,,"Trotman","Lord Trotman","Male","Alexander",,,"Biography information for Lord Trotman",,
"http://data.parliament.uk/members/4780",,"Sevenoaks","Trott","Laura Trott","Female","Laura",,,"Biography information for Laura Trott","Conservative",
"http://data.parliament.uk/members/1263","Guthrie","Tynemouth","Trotter","Sir Neville Trotter","Male","Neville",,,"Biography information for Sir Neville Trotter","Conservative",
"http://data.parliament.uk/members/4200","Edward",,"True","Lord True","Male","Nicholas",,,"Biography information for Lord True",,
"http://data.parliament.uk/members/3682","Derek",,"Truscott","Lord Truscott","Male","Peter",,,"Biography information for Lord Truscott",,
"http://data.parliament.uk/members/4097","Mary","South West Norfolk","Truss","Elizabeth Truss","Female","Elizabeth","www.elizabethtruss.com","http://www.elizabethtruss.com","Biography information for Elizabeth Truss","Conservative","https://twitter.com/trussliz"
"http://data.parliament.uk/members/3129","Malcolm",,"Trustram Eve","Lord Silsoe","Male","David",,,"Biography information for Lord Silsoe",,
"http://data.parliament.uk/members/421","Anthony","Pudsey","Truswell","Mr Paul Truswell","Male","Paul","www.paultruswell.org.uk","http://www.paultruswell.org.uk/","Biography information for Mr Paul Truswell","Labour",
"http://data.parliament.uk/members/1821","George Merrik",,"Tryon","Lord Tryon","Male","Anthony",,,"Biography information for Lord Tryon",,
"http://data.parliament.uk/members/1998","Charles Sackville",,"Tufton","Lord Hothfield","Male","Anthony",,,"Biography information for Lord Hothfield",,
"http://data.parliament.uk/members/2264","William Anthony",,"Tufton","Lord Hothfield","Male","George",,,"Biography information for Lord Hothfield",,
"http://data.parliament.uk/members/2399","Sackville",,"Tufton","Lord Hothfield","Male","Thomas",,,"Biography information for Lord Hothfield",,
"http://data.parliament.uk/members/1705","Samuel",,"Tugendhat","Lord Tugendhat","Male","Christopher",,,"Biography information for Lord Tugendhat",,
"http://data.parliament.uk/members/4462","Georg John","Tonbridge and Malling","Tugendhat","Tom Tugendhat","Male","Thomas","www.tomtugendhat.org.uk","http://www.tomtugendhat.org.uk/","Biography information for Tom Tugendhat","Conservative","https://twitter.com/tomtugendhat"
"http://data.parliament.uk/members/3671",,,"Tunnicliffe","Lord Tunnicliffe","Male","Denis",,,"Biography information for Lord Tunnicliffe",,
"http://data.parliament.uk/members/4449","Catherine","Redcar","Turley","Anna Turley","Female","Anna","www.anna4redcar.org.uk","http://www.anna4redcar.org.uk/","Biography information for Anna Turley","Labour (Co-op)","https://twitter.com/annaturley"
"http://data.parliament.uk/members/2537","Arnold",,"Turnberg","Lord Turnberg","Male","Leslie",,,"Biography information for Lord Turnberg",,
"http://data.parliament.uk/members/3758",,,"Turnbull","Lord Turnbull","Male","Andrew",,,"Biography information for Lord Turnbull",,
"http://data.parliament.uk/members/2795","Michael Arnold",,"Turnbull","The Lord Bishop of Durham","Male","Anthony",,,"Biography information for The Lord Bishop of Durham",,
"http://data.parliament.uk/members/1426","John","Isle of Wight","Turner","Mr Andrew Turner","Male","Andrew","www.islandmp.org","http://www.islandmp.org","Biography information for Mr Andrew Turner","Conservative","https://twitter.com/TheIslandsMP"
"http://data.parliament.uk/members/1706",,"Woolwich West","Turner","Sir Colin Turner","Male","Colin",,,"Biography information for Sir Colin Turner","Conservative",
"http://data.parliament.uk/members/322",,,"Turner","Lord Bilston","Male","Dennis",,,"Biography information for Lord Bilston",,
"http://data.parliament.uk/members/23","Stanley","Brighton, Kemptown","Turner","Dr Desmond Turner","Male","Desmond","home.htm","http://www.epolitix.com/EN/MPWebsites/Des+Turner/home.htm","Biography information for Dr Desmond Turner","Labour",
"http://data.parliament.uk/members/128",,"North West Norfolk","Turner","Dr George Turner","Male","George",,,"Biography information for Dr George Turner","Labour",
"http://data.parliament.uk/members/1918","Frederick",,"Turner","Lord Netherthorpe","Male","James",,,"Biography information for Lord Netherthorpe",,
"http://data.parliament.uk/members/3752",,,"Turner","Lord Turner of Ecchinswell","Male","Jonathan",,,"Biography information for Lord Turner of Ecchinswell",,
"http://data.parliament.uk/members/4030",,"Kingston upon Hull East","Turner","Karl Turner","Male","Karl","www.karlturnermp.org.uk","http://www.karlturnermp.org.uk","Biography information for Karl Turner","Labour","https://twitter.com/KarlTurnerMP"
"http://data.parliament.uk/members/1825",,,"Turner","Baroness Turner of Camden","Female","Muriel",,,"Biography information for Baroness Turner of Camden",,
"http://data.parliament.uk/members/460",,"Wigan","Turner","Mr Neil Turner","Male","Neil",,,"Biography information for Mr Neil Turner","Labour",
"http://data.parliament.uk/members/3049","Hugh",,"Turton","Lord Tranmire","Male","Robert",,,"Biography information for Lord Tranmire",,
"http://data.parliament.uk/members/429","Derek","Halton","Twigg","Derek Twigg","Male","John","www.derektwigg.org","http://www.derektwigg.org","Biography information for Derek Twigg","Labour","https://twitter.com/DerekTwiggMP"
"http://data.parliament.uk/members/167",,"Liverpool, West Derby","Twigg","Stephen Twigg","Male","Stephen","stephentwiggmp.co.uk","http://stephentwiggmp.co.uk","Biography information for Stephen Twigg","Labour (Co-op)","https://twitter.com/StephenTwigg"
"http://data.parliament.uk/members/1240","David","Edmonton","Twinn","Dr Ian Twinn","Male","Ian",,,"Biography information for Dr Ian Twinn","Conservative",
"http://data.parliament.uk/members/4618","Elizabeth","Blaydon","Twist","Liz Twist","Female","Mary",,,"Biography information for Liz Twist","Labour",
"http://data.parliament.uk/members/4231",,,"Tyler","Baroness Tyler of Enfield","Female","Claire",,,"Biography information for Baroness Tyler of Enfield",,
"http://data.parliament.uk/members/225",,,"Tyler","Lord Tyler","Male","Paul",,,"Biography information for Lord Tyler",,"https://twitter.com/PTylerLords"
"http://data.parliament.uk/members/618",,"Hamilton South","Tynan","Mr Bill Tynan","Male","William","www.billtynan.labour.co.uk","http://www.billtynan.labour.co.uk","Biography information for Mr Bill Tynan","Labour",
"http://data.parliament.uk/members/1967",,,"Tyrell-Kenyon","Lord Kenyon","Male","Lloyd",,,"Biography information for Lord Kenyon",,
"http://data.parliament.uk/members/3071",,,"Tyrell-Kenyon","Lord Kenyon","Male","Lloyd",,,"Biography information for Lord Kenyon",,
"http://data.parliament.uk/members/112",,,"Tyrie","Lord Tyrie","Male","Andrew",,,"Biography information for Lord Tyrie",,
"http://data.parliament.uk/members/1827","Pola",,"Uddin","Baroness Uddin","Female","Manzila",,,"Biography information for Baroness Uddin",,
"http://data.parliament.uk/members/4898",,,"Udny-Lister","Lord Udny-Lister","Male","Edward",,,"Biography information for Lord Udny-Lister",,
"http://data.parliament.uk/members/4460","Munir","Wealden","Ul-Ghani","Ms Nusrat Ghani","Female","Nusrat","www.nusghani.org.uk","http://www.nusghani.org.uk/","Biography information for Ms Nusrat Ghani","Conservative","https://twitter.com/nus_ghani"
"http://data.parliament.uk/members/4128","Harrison","Streatham","Umunna","Chuka Umunna","Male","Chuka","www.chuka.org.uk","http://www.chuka.org.uk","Biography information for Chuka Umunna","Liberal Democrat","https://twitter.com/ChukaUmunna"
"http://data.parliament.uk/members/3101","Reginall",,"Underhill","Lord Underhill","Male","Henry",,,"Biography information for Lord Underhill",,
"http://data.parliament.uk/members/4078",,"Wolverhampton South West","Uppal","Paul Uppal","Male","Paul","www.pauluppal.co.uk","http://www.pauluppal.co.uk","Biography information for Paul Uppal","Conservative","https://twitter.com/pauluppalmp"
"http://data.parliament.uk/members/4187",,,"Urquhart","The Lord Bishop of Birmingham","Male","David",,,"Biography information for The Lord Bishop of Birmingham",,"https://twitter.com/David_Urq"
"http://data.parliament.uk/members/1329","William","Houghton-le-Spring","Urwin","Tom Urwin","Male","Thomas",,,"Biography information for Tom Urwin","Labour",
"http://data.parliament.uk/members/1494","Anne","Burnley","Ussher","Kitty Ussher","Female","Katharine","www.kittyussher.com","http://www.kittyussher.com","Biography information for Kitty Ussher","Labour",
"http://data.parliament.uk/members/3777",,,"Vadera","Baroness Vadera","Female","Shriti",,,"Biography information for Baroness Vadera",,
"http://data.parliament.uk/members/1580",,,"Vaizey","Lord Vaizey of Didcot","Male","Edward","www.vaizey.com","http://www.vaizey.com","Biography information for Lord Vaizey of Didcot",,"https://twitter.com/edvaizey"
"http://data.parliament.uk/members/3757","Clare",,"Valentine","Baroness Valentine","Female","Josephine",,,"Biography information for Baroness Valentine",,
"http://data.parliament.uk/members/3697",,,"Vallance","Lord Vallance of Tummel","Male","Iain",,,"Biography information for Lord Vallance of Tummel",,
"http://data.parliament.uk/members/2918","James",,"Vandeleur Kitson","Lord Airedale","Male","Oliver",,,"Biography information for Lord Airedale",,
"http://data.parliament.uk/members/2429","Robin Gilbert",,"Vanden-Bempde-Johnstone","Lord Derwent","Male","Patric",,,"Biography information for Lord Derwent",,
"http://data.parliament.uk/members/2690","Evelyn Leo",,"Vanden-Bempde-Johnstone","Lord Derwent","Male","Robin",,,"Biography information for Lord Derwent",,
"http://data.parliament.uk/members/3439","John Neville",,"Vane","Lord Barnard","Male","Harry",,,"Biography information for Lord Barnard",,
"http://data.parliament.uk/members/2080","Charles Robert",,"Vane-Tempest-Stewart","The Marquess of Londonderry","Male","Alexander",,,"Biography information for The Marquess of Londonderry",,
"http://data.parliament.uk/members/1496","Lakhman","North West Cambridgeshire","Vara","Shailesh Vara","Male","Shailesh","www.shaileshvara.com","http://www.shaileshvara.com","Biography information for Shailesh Vara","Conservative",
"http://data.parliament.uk/members/1830","Graham",,"Varley","The Lord Varley","Male","Eric",,,"Biography information for The Lord Varley",,
"http://data.parliament.uk/members/1255","Folliott","Reading East","Vaughan","Sir Gerard Vaughan","Male","Gerard",,,"Biography information for Sir Gerard Vaughan","Conservative",
"http://data.parliament.uk/members/2990","Kenyon",,"Vaughan-Morgan","Lord Reigate","Male","John",,,"Biography information for Lord Reigate",,
"http://data.parliament.uk/members/2782",,,"Vavasseur Fisher","Lord Fisher","Male","John",,,"Biography information for Lord Fisher",,
"http://data.parliament.uk/members/338","Anthony","Leicester East","Vaz","Keith Vaz","Male","Keith","www.keithvazmp.com","http://www.keithvazmp.com/","Biography information for Keith Vaz","Labour","https://twitter.com/keith4leicester"
"http://data.parliament.uk/members/4076","Carol Marian","Walsall South","Vaz","Valerie Vaz","Female","Valerie","www.valerievazmp.co.uk","http://www.valerievazmp.co.uk","Biography information for Valerie Vaz","Labour","https://twitter.com/Valerie_VazMP"
"http://data.parliament.uk/members/2559","Lawrance",,"Venables-Vernon","Lord Vernon","Male","John",,,"Biography information for Lord Vernon",,
"http://data.parliament.uk/members/4580",,,"Vere","Baroness Vere of Norbiton","Female","Charlotte",,,"Biography information for Baroness Vere of Norbiton",,"https://twitter.com/charlottev?lang=en-gb"
"http://data.parliament.uk/members/4299",,,"Verjee","Lord Verjee","Male","Rumi",,,"Biography information for Lord Verjee",,
"http://data.parliament.uk/members/3790",,,"Verma","Baroness Verma","Female","Sandip",,,"Biography information for Baroness Verma",,
"http://data.parliament.uk/members/2394","Henry Peyto",,"Verney","Lord Willoughby de Broke","Male","John",,,"Biography information for Lord Willoughby de Broke",,
"http://data.parliament.uk/members/1775","David",,"Verney","Lord Willoughby de Broke","Male","Leopold",,,"Biography information for Lord Willoughby de Broke",,
"http://data.parliament.uk/members/2422","Adrian",,"Verney-Cave","Lord Braye","Male","Thomas",,,"Biography information for Lord Braye",,
"http://data.parliament.uk/members/1887","Cecil",,"Vernon","Lord Lyveden","Male","Ronald",,,"Biography information for Lord Lyveden",,
"http://data.parliament.uk/members/1810","George Armstrong",,"Vestey","Lord Vestey","Male","Samuel",,,"Biography information for Lord Vestey",,
"http://data.parliament.uk/members/3027","Helen",,"Vickers","The Baroness Vickers","Female","Joan",,,"Biography information for The Baroness Vickers",,
"http://data.parliament.uk/members/3957","John","Cleethorpes","Vickers","Martin Vickers","Male","Martin","www.martinvickers.org.uk","http://www.martinvickers.org.uk/","Biography information for Martin Vickers","Conservative","https://twitter.com/martinvickers"
"http://data.parliament.uk/members/4844","Alexander","Stockton South","Vickers","Matt Vickers","Male","Matthew",,,"Biography information for Matt Vickers","Conservative",
"http://data.parliament.uk/members/52","John","Gosport","Viggers","Sir Peter Viggers","Male","Peter","www.peterviggers.co.uk","http://www.peterviggers.co.uk","Biography information for Sir Peter Viggers","Conservative",
"http://data.parliament.uk/members/3389","Frederick Laurence Hyde",,"Villiers","Earl of Clarendon","Male","George",,,"Biography information for Earl of Clarendon",,
"http://data.parliament.uk/members/1500","Anne","Chipping Barnet","Villiers","Theresa Villiers","Female","Theresa","www.theresavilliers.co.uk","http://www.theresavilliers.co.uk","Biography information for Theresa Villiers","Conservative",
"http://data.parliament.uk/members/1806",,,"Vincent","Lord Vincent of Coleshill","Male","Richard",,,"Biography information for Lord Vincent of Coleshill",,
"http://data.parliament.uk/members/1807",,,"Vinson","Lord Vinson","Male","Nigel",,,"Biography information for Lord Vinson",,
"http://data.parliament.uk/members/170","Jan","Finchley & Golders Green","Vis","Dr Rudi Vis","Male","Rudolf",,,"Biography information for Dr Rudi Vis","Labour",
"http://data.parliament.uk/members/2283","Crespigny Claud",,"Vivian","Lord Vivian","Male","Anthony",,,"Biography information for Lord Vivian",,
"http://data.parliament.uk/members/3116","Hussey Hamilton",,"Vivian","Lord Swansea","Male","John",,,"Biography information for Lord Swansea",,
"http://data.parliament.uk/members/1808","Crespigny Laurence",,"Vivian","Lord Vivian","Male","Nicholas",,,"Biography information for Lord Vivian",,
"http://data.parliament.uk/members/722",,,"Waddington","Lord Waddington","Male","David",,,"Biography information for Lord Waddington",,
"http://data.parliament.uk/members/2345","William",,"Wade","Lord Wade","Male","Donald",,,"Biography information for Lord Wade",,
"http://data.parliament.uk/members/1809",,,"Wade","Lord Wade of Chorlton","Male","William",,,"Biography information for Lord Wade of Chorlton",,
"http://data.parliament.uk/members/4889",,,"Wadley","Baroness Fleet","Female","Veronica",,,"Biography information for Baroness Fleet",,
"http://data.parliament.uk/members/2883",,,"Waine","The Lord Bishop of Chelmsford","Male","John",,,"Biography information for The Lord Bishop of Chelmsford",,
"http://data.parliament.uk/members/1308",,"Dearne Valley","Wainwright","Edwin Wainwright","Male","Edwin",,,"Biography information for Edwin Wainwright","Labour",
"http://data.parliament.uk/members/956","Scurrah","Colne Valley","Wainwright","Richard Wainwright","Male","Richard",,,"Biography information for Richard Wainwright","Liberal",
"http://data.parliament.uk/members/4871",,"Bury South","Wakeford","Christian Wakeford","Male","Christian",,,"Biography information for Christian Wakeford","Conservative",
"http://data.parliament.uk/members/1278",,,"Wakeham","Lord Wakeham","Male","John",,,"Biography information for Lord Wakeham",,
"http://data.parliament.uk/members/2979","Noel",,"Waldegrave","The Earl of Waldegrave","Male","Geoffrey",,,"Biography information for The Earl of Waldegrave",,
"http://data.parliament.uk/members/1818","Sherbrooke",,"Waldegrave","The Earl of Waldegrave","Male","James",,,"Biography information for The Earl of Waldegrave",,
"http://data.parliament.uk/members/957",,,"Waldegrave","Lord Waldegrave of North Hill","Male","William",,,"Biography information for Lord Waldegrave of North Hill",,
"http://data.parliament.uk/members/1707",,"Birmingham, Ladywood","Walden","Brian Walden","Male","Brian",,,"Biography information for Brian Walden","Labour",
"http://data.parliament.uk/members/958","Gordon Harvey","Buckingham","Walden","George Walden","Male","George",,,"Biography information for George Walden","Conservative",
"http://data.parliament.uk/members/643","Cecil","Belfast North","Walker","Sir Cecil Walker","Male","Alfred",,,"Biography information for Sir Cecil Walker","Ulster Unionist Party",
"http://data.parliament.uk/members/1493","Ashley Rupert","Broxbourne","Walker","Sir Charles Walker","Male","Charles",,,"Biography information for Sir Charles Walker","Conservative",
"http://data.parliament.uk/members/4878",,,"Walker","The Lord Bishop of Manchester","Male","David",,,"Biography information for The Lord Bishop of Manchester",,
"http://data.parliament.uk/members/1006",,"Doncaster Central","Walker","Sir Harold Walker","Male","Harold",,,"Biography information for Sir Harold Walker","Labour",
"http://data.parliament.uk/members/1805",,,"Walker","Lord Walker of Doncaster","Male","Harold",,,"Biography information for Lord Walker of Doncaster",,
"http://data.parliament.uk/members/3825",,,"Walker","Lord Walker of Aldringham","Male","Michael",,,"Biography information for Lord Walker of Aldringham",,
"http://data.parliament.uk/members/1045","Edward",,"Walker","The Lord Walker of Worcester","Male","Peter",,,"Biography information for The Lord Walker of Worcester",,
"http://data.parliament.uk/members/2299","Knight",,"Walker","The Lord Bishop of Ely","Male","Peter",,,"Biography information for The Lord Bishop of Ely",,
"http://data.parliament.uk/members/2199",,,"Walker","Lord Walker of Gestingthorpe","Male","Robert",,,"Biography information for Lord Walker of Gestingthorpe",,
"http://data.parliament.uk/members/4091","Caspar","Worcester","Walker","Mr Robin Walker","Male","Robin","www.walker4worcester.com","http://www.walker4worcester.com","Biography information for Mr Robin Walker","Conservative","https://twitter.com/walkerworcester"
"http://data.parliament.uk/members/1708",,"Kingswood","Walker","Terry Walker","Male","Terry",,,"Biography information for Terry Walker","Labour",
"http://data.parliament.uk/members/4649","Doris","Colne Valley","Walker","Thelma Walker","Female","Thelma",,,"Biography information for Thelma Walker","Labour","https://twitter.com/Thelma_WalkerMP"
"http://data.parliament.uk/members/1262","Connoll","North Tayside","Walker","Bill Walker","Male","William",,,"Biography information for Bill Walker","Conservative",
"http://data.parliament.uk/members/4472","Jamie","Halifax","Walker-Lynch","Holly Lynch","Female","Holly","www.hollylynch.org.uk","http://www.hollylynch.org.uk/","Biography information for Holly Lynch","Labour","https://twitter.com/hollylynch5"
"http://data.parliament.uk/members/1326","Colclough","East Hertfordshire","Walker-Smith","Sir Derek Walker-Smith","Male","Derek",,,"Biography information for Sir Derek Walker-Smith","Conservative",
"http://data.parliament.uk/members/720","Patrick","Bradford North","Wall","Pat Wall","Male","Charles",,,"Biography information for Pat Wall","Labour",
"http://data.parliament.uk/members/3683","Mary",,"Wall","Baroness Wall of New Barnet","Female","Margaret",,,"Biography information for Baroness Wall of New Barnet",,
"http://data.parliament.uk/members/1108","Henry Bligh","Beverley","Wall","Sir Patrick Wall","Male","Patrick",,,"Biography information for Sir Patrick Wall","Conservative",
"http://data.parliament.uk/members/1815",,,"Wallace","Lord Wallace of Coslany","Male","George",,,"Biography information for Lord Wallace of Coslany",,
"http://data.parliament.uk/members/2843",,,"Wallace","Lord Wallace of Campsie","Male","George",,,"Biography information for Lord Wallace of Campsie",,
"http://data.parliament.uk/members/630",,,"Wallace","Lord Wallace of Tankerness","Male","James",,,"Biography information for Lord Wallace of Tankerness",,"https://twitter.com/jrwallace54"
"http://data.parliament.uk/members/1539","Ben Lobban","Wyre and Preston North","Wallace","Mr Ben Wallace","Male","Robert","www.benwallace.org.uk","http://www.benwallace.org.uk/","Biography information for Mr Ben Wallace","Conservative","https://twitter.com/BWallaceMP"
"http://data.parliament.uk/members/1816","John Lawrence",,"Wallace","Lord Wallace of Saltaire","Male","William",,,"Biography information for Lord Wallace of Saltaire",,
"http://data.parliament.uk/members/959","Peter Anthony","Keighley","Waller","Gary Waller","Male","Gary",,,"Biography information for Gary Waller","Conservative",
"http://data.parliament.uk/members/286","Lorraine","Stoke-on-Trent North","Walley","Joan Walley","Female","Joan","www.joanwalleymp.org.uk","http://www.joanwalleymp.org.uk","Biography information for Joan Walley","Labour",
"http://data.parliament.uk/members/4766","Hamilton","Bridgend","Wallis","Dr Jamie Wallis","Male","Jamie",,,"Biography information for Dr Jamie Wallis","Conservative",
"http://data.parliament.uk/members/3264","Gerard Carew",,"Wallop","The Earl of Portsmouth","Male","Quentin",,,"Biography information for The Earl of Portsmouth",,
"http://data.parliament.uk/members/2547",,,"Walmsley","Baroness Walmsley","Female","Joan","en","http://joanwalmsley.org.uk/en/","Biography information for Baroness Walmsley",,"https://twitter.com/joan_walmsley "
"http://data.parliament.uk/members/1817",,,"Walpole","Lord Walpole","Male","Robert",,,"Biography information for Lord Walpole",,
"http://data.parliament.uk/members/2328","Henry Montgomerie",,"Walpole","Lord Walpole","Male","Robert",,,"Biography information for Lord Walpole",,
"http://data.parliament.uk/members/2285","David Leonard George",,"Walston","Lord Walston","Male","Henry",,,"Biography information for Lord Walston",,
"http://data.parliament.uk/members/244","John","North Dorset","Walter","Mr Robert Walter","Male","Robert","www.bobwaltermp.com","http://www.bobwaltermp.com","Biography information for Mr Robert Walter","Conservative","https://twitter.com/bobwaltermp"
"http://data.parliament.uk/members/1298","Murray","Westbury","Walters","Sir Dennis Walters","Male","Dennis",,,"Biography information for Sir Dennis Walters","Conservative",
"http://data.parliament.uk/members/1570","Ellen","Stourbridge","Waltho","Lynda Waltho","Female","Lynda","www.lyndawaltho.org.uk","http://www.lyndawaltho.org.uk/","Biography information for Lynda Waltho","Labour",
"http://data.parliament.uk/members/1716","Nicholas",,"Walton","Lord Walton of Detchant","Male","John",,,"Biography information for Lord Walton of Detchant",,
"http://data.parliament.uk/members/4526","John","Somerton and Frome","Warburton","David Warburton","Male","David","davidwarburton.org","http://davidwarburton.org/","Biography information for David Warburton","Conservative","https://twitter.com/djwarburton"
"http://data.parliament.uk/members/1709",,"Swindon","Ward","Christopher Ward","Male","Christopher",,,"Biography information for Christopher Ward","Conservative",
"http://data.parliament.uk/members/73","Margaret","Watford","Ward","Claire Ward","Female","Claire","www.claire-ward.org.uk","http://www.claire-ward.org.uk/","Biography information for Claire Ward","Labour",
"http://data.parliament.uk/members/3923",,"Bradford East","Ward","Mr David Ward","Male","David","davidward.org.uk","http://davidward.org.uk","Biography information for Mr David Ward","Liberal Democrat","https://twitter.com/DavidWardMP"
"http://data.parliament.uk/members/2360","Reginald",,"Ward","The Viscount Ward of Witley","Male","George",,,"Biography information for The Viscount Ward of Witley",,
"http://data.parliament.uk/members/1253","Devereux","Poole","Ward","Sir John Ward","Male","John",,,"Biography information for Sir John Ward","Conservative",
"http://data.parliament.uk/members/2701","Humble David",,"Ward","Earl of Dudley","Male","William",,,"Biography information for Earl of Dudley",,
"http://data.parliament.uk/members/1225","Lodwig","Gower","Wardell","Gareth Wardell","Male","Gareth",,,"Biography information for Gareth Wardell","Labour",
"http://data.parliament.uk/members/22","Frederick","Bexhill & Battle","Wardle","Mr Charles Wardle","Male","Charles",,,"Biography information for Mr Charles Wardle","Independent Conservative",
"http://data.parliament.uk/members/487","Nelson","Liverpool, West Derby","Wareing","Mr Robert N. Wareing","Male","Robert",,,"Biography information for Mr Robert N. Wareing","Independent",
"http://data.parliament.uk/members/4361","Robert","Boston and Skegness","Warman","Matt Warman","Male","Matthew","www.mattwarman.co.uk","http://www.mattwarman.co.uk/","Biography information for Matt Warman","Conservative","https://twitter.com/mattwarman"
"http://data.parliament.uk/members/4695",,,"Warner","The Lord Bishop of Chichester","Male","Martin",,,"Biography information for The Lord Bishop of Chichester",,
"http://data.parliament.uk/members/1732",,,"Warner","Lord Warner","Male","Norman",,,"Biography information for Lord Warner",,
"http://data.parliament.uk/members/1733",,,"Warnock","Baroness Warnock","Female","Helen",,,"Biography information for Baroness Warnock",,
"http://data.parliament.uk/members/1288","Robin","Hastings & Rye","Warren","Sir Kenneth Warren","Male","Kenneth",,,"Biography information for Sir Kenneth Warren","Conservative",
"http://data.parliament.uk/members/3324","Robert",,"Warrender","Lord Bruntisfield","Male","John",,,"Biography information for Lord Bruntisfield",,
"http://data.parliament.uk/members/3048","Alexander George Anthony",,"Warrender","Lord Bruntisfield","Male","Victor",,,"Biography information for Lord Bruntisfield",,
"http://data.parliament.uk/members/3839",,,"Warsi","Baroness Warsi","Female","Sayeeda",,,"Biography information for Baroness Warsi",,
"http://data.parliament.uk/members/2471","Mary",,"Warwick","Baroness Warwick of Undercliffe","Female","Diana",,,"Biography information for Baroness Warwick of Undercliffe",,
"http://data.parliament.uk/members/4207","Joshua",,"Wasserman","Lord Wasserman","Male","Gordon",,,"Biography information for Lord Wasserman",,
"http://data.parliament.uk/members/25","Christopher","Eastbourne","Waterson","Mr Nigel Waterson","Male","Nigel","www.nigelwaterson.com","http://www.nigelwaterson.com","Biography information for Mr Nigel Waterson","Conservative",
"http://data.parliament.uk/members/1305","John","Consett","Watkins","David Watkins","Male","David",,,"Biography information for David Watkins","Labour",
"http://data.parliament.uk/members/4566",,,"Watkins","Baroness Watkins of Tavistock","Female","Mary ",,,"Biography information for Baroness Watkins of Tavistock",,
"http://data.parliament.uk/members/1462","Eileen","Hornchurch and Upminster","Watkinson","Dame Angela Watkinson","Female","Angela","www.angelawatkinsonmp.com","http://www.angelawatkinsonmp.com/","Biography information for Dame Angela Watkinson","Conservative","https://twitter.com/AngelaWatkinson"
"http://data.parliament.uk/members/2935","Arthur",,"Watkinson","Viscount Watkinson","Male","Harold",,,"Biography information for Viscount Watkinson",,
"http://data.parliament.uk/members/4677","Francis","Clacton","Watling","Giles Watling","Male","Giles",,,"Biography information for Giles Watling","Conservative","https://twitter.com/GilesWatling"
"http://data.parliament.uk/members/2487","John",,"Watson","Lord Watson of Richmond","Male","Alan",,,"Biography information for Lord Watson of Richmond",,
"http://data.parliament.uk/members/1352","Grenville Bernard","Skipton & Ripon","Watson","John Watson","Male","John",,,"Biography information for John Watson","Conservative",
"http://data.parliament.uk/members/1839","Rupert Eric Robert",,"Watson","Lord Manton","Male","Joseph",,,"Biography information for Lord Manton",,
"http://data.parliament.uk/members/1241","Goodall",,"Watson","Lord Watson of Invergowrie","Male","Michael",,,"Biography information for Lord Watson of Invergowrie",,
"http://data.parliament.uk/members/1463","Anthony","West Bromwich East","Watson","Tom Watson","Male","Thomas","www.tom-watson.com","http://www.tom-watson.com/","Biography information for Tom Watson","Labour","https://twitter.com/tom_watson"
"http://data.parliament.uk/members/2383","Henry Cecil Robin",,"Watson-Armstrong","Lord Armstrong","Male","William",,,"Biography information for Lord Armstrong",,
"http://data.parliament.uk/members/1710",,"Banff","Watt","Hamish Watt","Male","Hamish",,,"Biography information for Hamish Watt","Scottish National Party",
"http://data.parliament.uk/members/489",,,"Watts","Lord Watts","Male","Dave",,,"Biography information for Lord Watts",,
"http://data.parliament.uk/members/1259","Arthur","Slough","Watts","John Watts","Male","John",,,"Biography information for John Watts","Conservative",
"http://data.parliament.uk/members/1736","Bernard",,"Weatherill","Lord Weatherill","Male","Bruce",,,"Biography information for Lord Weatherill",,
"http://data.parliament.uk/members/3984",,"Hove","Weatherley","Mike Weatherley","Male","Mike","www.mikeweatherleymp.com","http://www.mikeweatherleymp.com/","Biography information for Mike Weatherley","Conservative","https://twitter.com/mike_weatherley"
"http://data.parliament.uk/members/220","John","Thornbury and Yate","Webb","Steve Webb","Male","Steven","www.stevewebb.org.uk","http://www.stevewebb.org.uk","Biography information for Steve Webb","Liberal Democrat","https://twitter.com/stevewebb1"
"http://data.parliament.uk/members/4802",,"Stourbridge","Webb","Suzanne Webb","Female","Suzanne",,,"Biography information for Suzanne Webb","Conservative","https://twitter.com/Q66Suzi"
"http://data.parliament.uk/members/4848","Naomi","Leicester East","Webbe","Claudia Webbe","Female","Claudia",,,"Biography information for Claudia Webbe","Independent","https://twitter.com/ClaudiaWebbe"
"http://data.parliament.uk/members/1730","William",,"Wedderburn","Lord Wedderburn of Charlton","Male","Kenneth",,,"Biography information for Lord Wedderburn of Charlton",,
"http://data.parliament.uk/members/1738","Anthony Weymouth",,"Wedgwood","Lord Wedgwood","Male","Piers",,,"Biography information for Lord Wedgwood",,
"http://data.parliament.uk/members/1331","Thomas","Ipswich","Weetch","Ken Weetch","Male","Kenneth",,,"Biography information for Ken Weetch","Labour",
"http://data.parliament.uk/members/4145","Ming-Yan",,"Wei","Lord Wei","Male","Nathanael",,,"Biography information for Lord Wei",,
"http://data.parliament.uk/members/1739",,,"Weidenfeld","Lord Weidenfeld","Male","Arthur",,,"Biography information for Lord Weidenfeld",,
"http://data.parliament.uk/members/1740",,,"Weinstock","Lord Weinstock","Male","Arnold",,,"Biography information for Lord Weinstock",,
"http://data.parliament.uk/members/1978","Peter",,"Weir","Lord Inverforth","Male","Andrew",,,"Biography information for Lord Inverforth",,
"http://data.parliament.uk/members/1384","Fraser","Angus","Weir","Mike Weir","Male","Michael","www.angussnp.org","http://www.angussnp.org","Biography information for Mike Weir","Scottish National Party","https://twitter.com/mikeweirsnp"
"http://data.parliament.uk/members/1741","Kenneth James",,"Weir","The Viscount Weir","Male","William",,,"Biography information for The Viscount Weir",,
"http://data.parliament.uk/members/4252",,,"Welby","The Lord Archbishop of Canterbury","Male","Justin ",,,"Biography information for The Lord Archbishop of Canterbury",,
"http://data.parliament.uk/members/1182","James","Bexley, Erith & Crayford","Wellbeloved","James Wellbeloved","Male","Alfred",,,"Biography information for James Wellbeloved","Social Democratic Party",
"http://data.parliament.uk/members/4541",,,"Wellesley","The Duke of Wellington","Male","Arthur",,,"Biography information for The Duke of Wellington",,
"http://data.parliament.uk/members/1742","Valerian",,"Wellesley","The Duke of Wellington","Male","Arthur",,,"Biography information for The Duke of Wellington",,
"http://data.parliament.uk/members/3362","Graham",,"Wellesley","Earl of Cowley","Male","Garret",,,"Biography information for Earl of Cowley",,
"http://data.parliament.uk/members/1223","Julius","Maidstone","Wells","Sir John Wells","Male","John",,,"Biography information for Sir John Wells","Conservative",
"http://data.parliament.uk/members/66","Bowen","Hertford & Stortford","Wells","Mr Bowen Wells","Male","Petrie",,,"Biography information for Mr Bowen Wells","Conservative",
"http://data.parliament.uk/members/2284","Alfred",,"Wells-Pestell","Lord Wells-Pestell","Male","Reginald",,,"Biography information for Lord Wells-Pestell",,
"http://data.parliament.uk/members/574","Paton","Angus","Welsh","Mr Andrew Welsh","Male","Andrew",,,"Biography information for Mr Andrew Welsh","Scottish National Party",
"http://data.parliament.uk/members/1282","Collins","Doncaster North","Welsh","Michael Welsh","Male","Michael",,,"Biography information for Michael Welsh","Labour",
"http://data.parliament.uk/members/3834","William John",,"West","Lord West of Spithead","Male","Alan",,,"Biography information for Lord West of Spithead",,
"http://data.parliament.uk/members/4523","Elizabeth","Hornsey and Wood Green","West","Catherine West","Female","Catherine",,,"Biography information for Catherine West","Labour","https://twitter.com/catherinewest1"
"http://data.parliament.uk/members/2114","Warner",,"Westenra","The Lord Rossmore","Male","William",,,"Biography information for The Lord Rossmore",,
"http://data.parliament.uk/members/4617","Raymond","Warwick and Leamington","Western","Matt Western","Male","Matthew","www.mattwestern.org","http://www.mattwestern.org/","Biography information for Matt Western","Labour","https://twitter.com/mattwestern_"
"http://data.parliament.uk/members/2282",,,"Westwood","Lord Westwood","Male","William",,,"Biography information for Lord Westwood",,
"http://data.parliament.uk/members/1717","Gavin",,"Westwood","Lord Westwood","Male","William",,,"Biography information for Lord Westwood",,
"http://data.parliament.uk/members/2934","John",,"Westwood","The Lord Bishop of Peterborough","Male","William",,,"Biography information for The Lord Bishop of Peterborough",,
"http://data.parliament.uk/members/4123",,,"Wharton","Lord Wharton of Yarm","Male","James",,,"Biography information for Lord Wharton of Yarm",,"https://twitter.com/jameswhartonuk?lang=en-gb"
"http://data.parliament.uk/members/2203","Martin",,"Wharton","The Lord Bishop of Newcastle","Male","John",,,"Biography information for The Lord Bishop of Newcastle",,
"http://data.parliament.uk/members/4527","Olivia Bicknell","Faversham and Mid Kent","Whately","Helen Whately","Female","Helen","www.helenwhately.co.uk","http://www.helenwhately.co.uk/","Biography information for Helen Whately","Conservative","https://twitter.com/helen_whately"
"http://data.parliament.uk/members/4199",,,"Wheatcroft","Baroness Wheatcroft","Female","Patience",,,"Biography information for Baroness Wheatcroft",,
"http://data.parliament.uk/members/2356",,,"Wheatley","Lord Wheatley","Male","John",,,"Biography information for Lord Wheatley",,
"http://data.parliament.uk/members/4053","Kay","South Derbyshire","Wheeler","Mrs Heather Wheeler","Female","Heather","www.heatherwheeler.org.uk","http://www.heatherwheeler.org.uk","Biography information for Mrs Heather Wheeler","Conservative","https://twitter.com/HeatherWheeler"
"http://data.parliament.uk/members/1269","Daniel","Westminster North","Wheeler","Sir John Wheeler","Male","John",,,"Biography information for Sir John Wheeler","Conservative",
"http://data.parliament.uk/members/4157","Eileen Joyce",,"Wheeler","Baroness Wheeler","Female","Margaret",,,"Biography information for Baroness Wheeler",,
"http://data.parliament.uk/members/1711",,"Hampstead","Whitaker","Benjamin Whitaker","Male","Benjamin",,,"Biography information for Benjamin Whitaker","Labour",
"http://data.parliament.uk/members/2510","Alison",,"Whitaker","Baroness Whitaker","Female","Janet",,,"Biography information for Baroness Whitaker",,
"http://data.parliament.uk/members/4292",,,"Whitby","Lord Whitby","Male","Michael",,,"Biography information for Lord Whitby",,
"http://data.parliament.uk/members/20","Arthur Robert","North East Milton Keynes","White","Brian White","Male","Brian","www.brianwhite.org.uk","http://www.brianwhite.org.uk","Biography information for Brian White","Labour",
"http://data.parliament.uk/members/4114",,"Warwick and Leamington","White","Chris White","Male","Chris","www.chriswhitemp.com","http://www.chriswhitemp.com","Biography information for Chris White","Conservative","https://twitter.com/ChrisWhite_MP"
"http://data.parliament.uk/members/1729","Lloyd",,"White","The Baroness White","Female","Eirene",,,"Biography information for The Baroness White",,
"http://data.parliament.uk/members/1299","Richard","Bury & Radcliffe","White","Frank White","Male","Frank",,,"Biography information for Frank White","Labour",
"http://data.parliament.uk/members/1318",,"Glasgow, Pollok","White","James White","Male","James",,,"Biography information for James White","Labour",
"http://data.parliament.uk/members/3472","Richard",,"White","Lord Annaly","Male","Luke",,,"Biography information for Lord Annaly",,
"http://data.parliament.uk/members/2650",,,"White","Lord Hanningfield","Male","Paul","roller","http://lordhanningfield.essexcc.gov.uk/roller/","Biography information for Lord Hanningfield",,
"http://data.parliament.uk/members/2981","Gordon Lindsay",,"White","Lord White of Hull","Male","Vincent",,,"Biography information for Lord White of Hull",,
"http://data.parliament.uk/members/3911",,"Banff and Buchan","Whiteford","Dr Eilidh Whiteford","Female","Eilidh","www.eilidhwhiteford.info","http://www.eilidhwhiteford.info","Biography information for Dr Eilidh Whiteford","Scottish National Party","https://twitter.com/eilidhwhiteford"
"http://data.parliament.uk/members/62","Patrick Vincent","Southampton, Test","Whitehead","Dr Alan Whitehead","Male","Alan","www.alan-whitehead.org.uk","http://www.alan-whitehead.org.uk","Biography information for Dr Alan Whitehead","Labour","https://twitter.com/alanwhiteheadmp"
"http://data.parliament.uk/members/1309",,"Derby North","Whitehead","Philip Whitehead","Male","Philip",,,"Biography information for Philip Whitehead","Labour",
"http://data.parliament.uk/members/1722","Stephen Ian",,"Whitelaw","The Viscount Whitelaw","Male","William",,,"Biography information for The Viscount Whitelaw",,
"http://data.parliament.uk/members/1859","Francis",,"Whiteley","Lord Marchamley","Male","William",,,"Biography information for Lord Marchamley",,
"http://data.parliament.uk/members/3013","Tatersall",,"Whiteley","Lord Marchamley","Male","William",,,"Biography information for Lord Marchamley",,
"http://data.parliament.uk/members/1379",,"Dewsbury","Whitfield","John Whitfield","Male","John",,,"Biography information for John Whitfield","Conservative",
"http://data.parliament.uk/members/1984","Michael Howard",,"Whitfield","Lord Kenswood","Male","John",,,"Biography information for Lord Kenswood",,
"http://data.parliament.uk/members/4626","David","East Lothian","Whitfield","Martin Whitfield","Male","Martin",,,"Biography information for Martin Whitfield","Labour","https://twitter.com/martwhitfieldmp"
"http://data.parliament.uk/members/4385",,"Central Ayrshire","Whitford","Dr Philippa Whitford","Female","Philippa","whitford.scot","http://whitford.scot/","Biography information for Dr Philippa Whitford","Scottish National Party","https://twitter.com/Dr_PhilippaW"
"http://data.parliament.uk/members/4755",,"Birkenhead","Whitley","Mick Whitley","Male","Michael",,,"Biography information for Mick Whitley","Labour",
"http://data.parliament.uk/members/961","Charles","Nottingham North","Whitlock","William Whitlock","Male","William",,,"Biography information for William Whitlock","Labour",
"http://data.parliament.uk/members/21","William","Wycombe","Whitney","Sir Ray Whitney","Male","Raymond",,,"Biography information for Sir Ray Whitney","Conservative",
"http://data.parliament.uk/members/3940",,"Calder Valley","Whittaker","Craig Whittaker","Male","Craig",,,"Biography information for Craig Whittaker","Conservative","https://twitter.com/CWhittakerMP"
"http://data.parliament.uk/members/39","Flasby Lawrance","Maldon","Whittingdale","Mr John Whittingdale","Male","John","www.johnwhittingdale.org.uk","http://www.johnwhittingdale.org.uk","Biography information for Mr John Whittingdale","Conservative","https://twitter.com/jwhittingdale"
"http://data.parliament.uk/members/4869","Edith","Nottingham East","Whittome","Nadia Whittome","Female","Nadia",,,"Biography information for Nadia Whittome","Labour",
"http://data.parliament.uk/members/2444","Lawrence",,"Whitty","Lord Whitty","Male","John",,,"Biography information for Lord Whitty",,
"http://data.parliament.uk/members/3092","Clotworthy Talbot Foster",,"Whyte-Melville Skeffington","The Viscount Massereene and Ferrard","Male","John",,,"Biography information for The Viscount Massereene and Ferrard",,
"http://data.parliament.uk/members/1311","David","Dorking","Wickenden","Keith Wickenden","Male","Keith",,,"Biography information for Keith Wickenden","Conservative",
"http://data.parliament.uk/members/156","Hunt","Croydon North","Wicks","Malcolm Wicks","Male","Malcolm","www.malcolmwicks.org.uk","http://www.malcolmwicks.org.uk","Biography information for Malcolm Wicks","Labour",
"http://data.parliament.uk/members/85","Noreen","Maidstone & The Weald","Widdecombe","Miss Ann Widdecombe","Female","Ann","www.annwiddecombemp.com","http://www.annwiddecombemp.com/","Biography information for Miss Ann Widdecombe","Conservative",
"http://data.parliament.uk/members/1270","William","Weston-Super-Mare","Wiggin","Sir Jerry Wiggin","Male","Alfred",,,"Biography information for Sir Jerry Wiggin","Conservative",
"http://data.parliament.uk/members/1428","David","North Herefordshire","Wiggin","Bill Wiggin","Male","William","www.billwiggin.com","http://www.billwiggin.com","Biography information for Bill Wiggin","Conservative",
"http://data.parliament.uk/members/547","Wynne",,"Wigley","Lord Wigley","Male","Dafydd",,,"Biography information for Lord Wigley",,
